{
    "loss": 9.625835418701172,
    "accuracy": 0.6736111044883728
}