{
    "loss": 0.0715596154332161,
    "accuracy": 0.9791666865348816
}