{
    "loss": 12.042281150817871,
    "accuracy": 0.6736111044883728
}