{
    "loss": 0.0625416398048401,
    "accuracy": 0.9440860509872437
}